PRAGMA foreign_keys=OFF;
BEGIN TRANSACTION;
CREATE TABLE Vinkki(vinkki_id integer PRIMARY KEY, otsikko text (100), luettu boolean DEFAULT 0);
INSERT INTO "Vinkki" VALUES(1,'otsikko1',0);
INSERT INTO "Vinkki" VALUES(2,'otsikko2',0);
INSERT INTO "Vinkki" VALUES(3,'otsikko3',0);
INSERT INTO "Vinkki" VALUES(4,'otsikko5',1);
INSERT INTO "Vinkki" VALUES(5,'otsikko6',0);
INSERT INTO "Vinkki" VALUES(6,'otsikko7',0);
INSERT INTO "Vinkki" VALUES(7,'otsikko8',0);
CREATE TABLE Tekija (tekija_id integer PRIMARY KEY, tekija_nimi text (100));
INSERT INTO "Tekija" VALUES(1,'Matti');
INSERT INTO "Tekija" VALUES(2,'Maia');
INSERT INTO "Tekija" VALUES(3,'Maiju');
INSERT INTO "Tekija" VALUES(4,'Maria');
INSERT INTO "Tekija" VALUES(5,'Meikäläinen');
CREATE TABLE VinkkiTekija(vinkki,tekija,FOREIGN KEY (vinkki) REFERENCES Vinkki (vinkki_id) ON DELETE CASCADE, FOREIGN KEY (tekija) REFERENCES Tekija(tekija_id) ON DELETE CASCADE, PRIMARY KEY(vinkki, tekija));
INSERT INTO "VinkkiTekija" VALUES(1,1);
INSERT INTO "VinkkiTekija" VALUES(2,2);
INSERT INTO "VinkkiTekija" VALUES(3,3);
INSERT INTO "VinkkiTekija" VALUES(4,3);
INSERT INTO "VinkkiTekija" VALUES(4,4);
CREATE TABLE Kirja (kirja_id integer PRIMARY KEY, isbn text(30), kuvaus text (500), vinkki UNIQUE, FOREIGN KEY (vinkki) REFERENCES Vinkki (vinkki_id) ON DELETE CASCADE);
INSERT INTO "Kirja" VALUES(1,'1111545','Kuvaustekstiä','1');
INSERT INTO "Kirja" VALUES(2,'343545','Kuvaustekstiä','2');
INSERT INTO "Kirja" VALUES(3,'3112245','Kuvaustekstiä','3');
CREATE TABLE Video (video_id integer PRIMARY KEY, url text(500), vinkki UNIQUE, FOREIGN KEY (vinkki) REFERENCES Vinkki (vinkki_id) ON DELETE CASCADE);
INSERT INTO "Video" VALUES(1,'https://www.youtube.com/watch?v=Jr9R9NT9lk8','4');
INSERT INTO "Video" VALUES(2,'Khttps://www.youtube.com/watch?v=yPu6qV5byu4','5');
CREATE TABLE Podcast (podcast_id integer PRIMARY KEY, nimi text(100), kuvaus text (500), vinkki UNIQUE, FOREIGN KEY (vinkki) REFERENCES Vinkki(vinkki)ON DELETE CASCADE );
INSERT INTO "Podcast" VALUES(1,'Jingle Bells','Kuvaustekstiä','6');
INSERT INTO "Podcast" VALUES(2,'podcast nimi','Kuvaustekstiä','7');
COMMIT;
