PRAGMA foreign_keys=OFF;
BEGIN TRANSACTION;
CREATE TABLE Vinkki(vinkki_id integer PRIMARY KEY, otsikko text (100), luettu boolean DEFAULT 0);
INSERT INTO "Vinkki" VALUES(1,'otsikko1',0);
INSERT INTO "Vinkki" VALUES(2,'otsikko2',0);
INSERT INTO "Vinkki" VALUES(3,'otsikko3',0);
INSERT INTO "Vinkki" VALUES(4,'otsikko5',1);
INSERT INTO "Vinkki" VALUES(5,'otsikko6',0);
INSERT INTO "Vinkki" VALUES(6,'otsikko7',0);
INSERT INTO "Vinkki" VALUES(7,'otsikko8',0);
INSERT INTO "Vinkki" VALUES(8,'dfgs',0);
INSERT INTO "Vinkki" VALUES(10,'Otsikko täs',0);
INSERT INTO "Vinkki" VALUES(11,'podcastotsikko',0);
INSERT INTO "Vinkki" VALUES(12,'3245',0);
INSERT INTO "Vinkki" VALUES(13,'uusi 1',0);
INSERT INTO "Vinkki" VALUES(14,'666',0);
INSERT INTO "Vinkki" VALUES(15,'joulupukki',0);
INSERT INTO "Vinkki" VALUES(16,'Introduction.to.Algorithms.3rd.Edition.Sep.2010',0);
INSERT INTO "Vinkki" VALUES(17,'Fifty Shades of Grey',0);
INSERT INTO "Vinkki" VALUES(18,'Fifty Shades of Grey1789',0);
INSERT INTO "Vinkki" VALUES(19,'Fifty Shades of Grey4967',0);
INSERT INTO "Vinkki" VALUES(20,'Fifty Shades of Grey887',0);
INSERT INTO "Vinkki" VALUES(21,'Fifty Shades of Grey8559',0);
INSERT INTO "Vinkki" VALUES(23,'Fifty Shades of Grey1113',0);
INSERT INTO "Vinkki" VALUES(24,'Fifty Shades of Grey8208',0);
INSERT INTO "Vinkki" VALUES(25,'Fifty Shades of Grey1252',0);
INSERT INTO "Vinkki" VALUES(26,'Fifty Shades of Grey3397',0);
INSERT INTO "Vinkki" VALUES(27,'Fifty Shades of Grey9529',0);
INSERT INTO "Vinkki" VALUES(28,'Fifty Shades of Grey9344',0);
INSERT INTO "Vinkki" VALUES(29,'Fifty Shades of Grey603',0);
INSERT INTO "Vinkki" VALUES(30,'Fifty Shades of Grey6634',0);
INSERT INTO "Vinkki" VALUES(31,'Fifty Shades of Grey8694',0);
INSERT INTO "Vinkki" VALUES(32,'Fifty Shades of Grey9875',0);
INSERT INTO "Vinkki" VALUES(33,'Fifty Shades of Grey1657',0);
INSERT INTO "Vinkki" VALUES(34,'Fifty Shades of Grey1047',0);
INSERT INTO "Vinkki" VALUES(35,'Fifty Shades of Grey1647',0);
INSERT INTO "Vinkki" VALUES(36,'Fifty Shades of Grey5772',0);
INSERT INTO "Vinkki" VALUES(37,'Fifty Shades of Grey1967',0);
INSERT INTO "Vinkki" VALUES(38,'Fifty Shades of Grey5841',0);
INSERT INTO "Vinkki" VALUES(39,'Fifty Shades of Grey4401',0);
INSERT INTO "Vinkki" VALUES(40,'Fifty Shades of Grey5174',0);
INSERT INTO "Vinkki" VALUES(41,'Fifty Shades of Grey5561',0);
INSERT INTO "Vinkki" VALUES(42,'Fifty Shades of Grey1830',0);
INSERT INTO "Vinkki" VALUES(43,'Fifty Shades of Grey2653',0);
INSERT INTO "Vinkki" VALUES(44,'Fifty Shades of Grey1184',0);
INSERT INTO "Vinkki" VALUES(45,'Fifty Shades of Grey3681',0);
INSERT INTO "Vinkki" VALUES(46,'Fifty Shades of Grey23',0);
INSERT INTO "Vinkki" VALUES(47,'Fifty Shades of Grey9978',0);
INSERT INTO "Vinkki" VALUES(48,'Fifty Shades of Grey2098',0);
INSERT INTO "Vinkki" VALUES(49,'Fifty Shades of Grey5394',0);
INSERT INTO "Vinkki" VALUES(50,'Fifty Shades of Grey8252',0);
INSERT INTO "Vinkki" VALUES(51,'Fifty Shades of Grey9451',0);
INSERT INTO "Vinkki" VALUES(52,'Fifty Shades of Grey7195',0);
INSERT INTO "Vinkki" VALUES(53,'Fifty Shades of Grey9749',0);
INSERT INTO "Vinkki" VALUES(54,'Fifty Shades of Grey143',0);
INSERT INTO "Vinkki" VALUES(55,'Fifty Shades of Grey2408',0);
INSERT INTO "Vinkki" VALUES(56,'Fifty Shades of Grey669',0);
INSERT INTO "Vinkki" VALUES(57,'Fifty Shades of Grey4885',0);
INSERT INTO "Vinkki" VALUES(58,'Fifty Shades of Grey866',0);
INSERT INTO "Vinkki" VALUES(59,'Fifty Shades of Grey4702',0);
INSERT INTO "Vinkki" VALUES(60,'Fifty Shades of Grey8878',0);
INSERT INTO "Vinkki" VALUES(61,'Fifty Shades of Grey8921',0);
INSERT INTO "Vinkki" VALUES(62,'Fifty Shades of Grey7511',0);
INSERT INTO "Vinkki" VALUES(63,'Fifty Shades of Grey2887',0);
INSERT INTO "Vinkki" VALUES(64,'Mattihan se sopan keitti: Nykäsellä höy',0);
INSERT INTO "Vinkki" VALUES(65,'Fifty Shades of Grey4716',0);
INSERT INTO "Vinkki" VALUES(66,'Fifty Shades of Grey2543',0);
INSERT INTO "Vinkki" VALUES(67,'Fifty Shades of Grey1096',0);
INSERT INTO "Vinkki" VALUES(68,'Fifty Shades of Grey7698',0);
INSERT INTO "Vinkki" VALUES(69,'Fifty Shades of Grey3505',0);
INSERT INTO "Vinkki" VALUES(70,'Fifty Shades of Grey6189',0);
INSERT INTO "Vinkki" VALUES(71,'Fifty Shades of Grey3688',0);
INSERT INTO "Vinkki" VALUES(72,'Fifty Shades of Grey8139',0);
INSERT INTO "Vinkki" VALUES(73,'Fifty Shades of Grey318',0);
INSERT INTO "Vinkki" VALUES(74,'Fifty Shades of Grey7343',0);
INSERT INTO "Vinkki" VALUES(75,'Mattihan se sopan keitti',0);
INSERT INTO "Vinkki" VALUES(76,'Fifty Shades of Grey7885',0);
INSERT INTO "Vinkki" VALUES(77,'Fifty Shades of Grey8019',0);
INSERT INTO "Vinkki" VALUES(78,'Fifty Shades of Grey9346',0);
INSERT INTO "Vinkki" VALUES(79,'Fifty Shades of Grey5320',0);
INSERT INTO "Vinkki" VALUES(80,'Fifty Shades of Grey4040',0);
INSERT INTO "Vinkki" VALUES(84,'QPR koulusta',0);
INSERT INTO "Vinkki" VALUES(85,'Podcast otsikko',0);
INSERT INTO "Vinkki" VALUES(86,'Python',0);
INSERT INTO "Vinkki" VALUES(87,'Idän pikajuna',0);
INSERT INTO "Vinkki" VALUES(88,'Fifty Shades of Grey4185',0);
INSERT INTO "Vinkki" VALUES(89,'Fifty Shades of Grey4757',0);
INSERT INTO "Vinkki" VALUES(90,'otsikkonen',0);
INSERT INTO "Vinkki" VALUES(91,'R programming',0);
INSERT INTO "Vinkki" VALUES(92,'Fifty Shades of Grey9221',0);
INSERT INTO "Vinkki" VALUES(93,'Fifty Shades of Grey7386',0);
CREATE TABLE Tekija (tekija_id integer PRIMARY KEY, tekija_nimi text (100));
INSERT INTO "Tekija" VALUES(1,'Matti');
INSERT INTO "Tekija" VALUES(2,'Maia');
INSERT INTO "Tekija" VALUES(3,'Maiju');
INSERT INTO "Tekija" VALUES(4,'Maria');
INSERT INTO "Tekija" VALUES(5,'Meikäläinen');
INSERT INTO "Tekija" VALUES(6,'asd');
INSERT INTO "Tekija" VALUES(7,'Cormen');
INSERT INTO "Tekija" VALUES(8,'E. L. James');
INSERT INTO "Tekija" VALUES(9,'Kivi');
INSERT INTO "Tekija" VALUES(10,'Matti Nykänen');
INSERT INTO "Tekija" VALUES(11,'höm');
INSERT INTO "Tekija" VALUES(12,'Heipä hei');
INSERT INTO "Tekija" VALUES(13,'Agatha Christie');
CREATE TABLE VinkkiTekija(vinkki,tekija,FOREIGN KEY (vinkki) REFERENCES Vinkki (vinkki_id) ON DELETE CASCADE, FOREIGN KEY (tekija) REFERENCES Tekija(tekija_id) ON DELETE CASCADE, PRIMARY KEY(vinkki, tekija));
INSERT INTO "VinkkiTekija" VALUES(1,1);
INSERT INTO "VinkkiTekija" VALUES(2,2);
INSERT INTO "VinkkiTekija" VALUES(3,3);
INSERT INTO "VinkkiTekija" VALUES(4,3);
INSERT INTO "VinkkiTekija" VALUES(4,4);
INSERT INTO "VinkkiTekija" VALUES(8,6);
INSERT INTO "VinkkiTekija" VALUES(9,7);
INSERT INTO "VinkkiTekija" VALUES(16,7);
INSERT INTO "VinkkiTekija" VALUES(17,8);
INSERT INTO "VinkkiTekija" VALUES(18,9);
INSERT INTO "VinkkiTekija" VALUES(18,8);
INSERT INTO "VinkkiTekija" VALUES(19,9);
INSERT INTO "VinkkiTekija" VALUES(19,8);
INSERT INTO "VinkkiTekija" VALUES(20,9);
INSERT INTO "VinkkiTekija" VALUES(20,7);
INSERT INTO "VinkkiTekija" VALUES(21,8);
INSERT INTO "VinkkiTekija" VALUES(22,7);
INSERT INTO "VinkkiTekija" VALUES(23,8);
INSERT INTO "VinkkiTekija" VALUES(24,7);
INSERT INTO "VinkkiTekija" VALUES(25,8);
INSERT INTO "VinkkiTekija" VALUES(26,7);
INSERT INTO "VinkkiTekija" VALUES(27,8);
INSERT INTO "VinkkiTekija" VALUES(28,7);
INSERT INTO "VinkkiTekija" VALUES(29,8);
INSERT INTO "VinkkiTekija" VALUES(30,7);
INSERT INTO "VinkkiTekija" VALUES(31,8);
INSERT INTO "VinkkiTekija" VALUES(32,7);
INSERT INTO "VinkkiTekija" VALUES(33,8);
INSERT INTO "VinkkiTekija" VALUES(34,7);
INSERT INTO "VinkkiTekija" VALUES(35,8);
INSERT INTO "VinkkiTekija" VALUES(36,7);
INSERT INTO "VinkkiTekija" VALUES(37,8);
INSERT INTO "VinkkiTekija" VALUES(38,7);
INSERT INTO "VinkkiTekija" VALUES(39,8);
INSERT INTO "VinkkiTekija" VALUES(40,7);
INSERT INTO "VinkkiTekija" VALUES(41,8);
INSERT INTO "VinkkiTekija" VALUES(42,7);
INSERT INTO "VinkkiTekija" VALUES(43,8);
INSERT INTO "VinkkiTekija" VALUES(44,7);
INSERT INTO "VinkkiTekija" VALUES(45,8);
INSERT INTO "VinkkiTekija" VALUES(46,7);
INSERT INTO "VinkkiTekija" VALUES(47,8);
INSERT INTO "VinkkiTekija" VALUES(48,7);
INSERT INTO "VinkkiTekija" VALUES(49,8);
INSERT INTO "VinkkiTekija" VALUES(50,7);
INSERT INTO "VinkkiTekija" VALUES(51,8);
INSERT INTO "VinkkiTekija" VALUES(52,7);
INSERT INTO "VinkkiTekija" VALUES(53,8);
INSERT INTO "VinkkiTekija" VALUES(54,7);
INSERT INTO "VinkkiTekija" VALUES(55,8);
INSERT INTO "VinkkiTekija" VALUES(56,7);
INSERT INTO "VinkkiTekija" VALUES(57,8);
INSERT INTO "VinkkiTekija" VALUES(58,7);
INSERT INTO "VinkkiTekija" VALUES(59,8);
INSERT INTO "VinkkiTekija" VALUES(60,7);
INSERT INTO "VinkkiTekija" VALUES(61,8);
INSERT INTO "VinkkiTekija" VALUES(62,7);
INSERT INTO "VinkkiTekija" VALUES(63,8);
INSERT INTO "VinkkiTekija" VALUES(64,10);
INSERT INTO "VinkkiTekija" VALUES(65,7);
INSERT INTO "VinkkiTekija" VALUES(66,8);
INSERT INTO "VinkkiTekija" VALUES(67,7);
INSERT INTO "VinkkiTekija" VALUES(68,8);
INSERT INTO "VinkkiTekija" VALUES(69,7);
INSERT INTO "VinkkiTekija" VALUES(70,8);
INSERT INTO "VinkkiTekija" VALUES(71,7);
INSERT INTO "VinkkiTekija" VALUES(72,8);
INSERT INTO "VinkkiTekija" VALUES(73,7);
INSERT INTO "VinkkiTekija" VALUES(74,8);
INSERT INTO "VinkkiTekija" VALUES(75,10);
INSERT INTO "VinkkiTekija" VALUES(76,7);
INSERT INTO "VinkkiTekija" VALUES(77,8);
INSERT INTO "VinkkiTekija" VALUES(78,7);
INSERT INTO "VinkkiTekija" VALUES(79,8);
INSERT INTO "VinkkiTekija" VALUES(80,7);
INSERT INTO "VinkkiTekija" VALUES(81,8);
INSERT INTO "VinkkiTekija" VALUES(82,11);
INSERT INTO "VinkkiTekija" VALUES(83,12);
INSERT INTO "VinkkiTekija" VALUES(87,13);
INSERT INTO "VinkkiTekija" VALUES(88,7);
INSERT INTO "VinkkiTekija" VALUES(89,8);
INSERT INTO "VinkkiTekija" VALUES(92,7);
INSERT INTO "VinkkiTekija" VALUES(93,8);
CREATE TABLE Kirja (kirja_id integer PRIMARY KEY, isbn text(30), kuvaus text (500), vinkki UNIQUE, FOREIGN KEY (vinkki) REFERENCES Vinkki (vinkki_id) ON DELETE CASCADE);
INSERT INTO "Kirja" VALUES(1,'1111545','Kuvaustekstiä','1');
INSERT INTO "Kirja" VALUES(2,'343545','Kuvaustekstiä','2');
INSERT INTO "Kirja" VALUES(3,'3112245','Kuvaustekstiä','3');
INSERT INTO "Kirja" VALUES(4,'0',NULL,8);
INSERT INTO "Kirja" VALUES(5,'0',NULL,9);
INSERT INTO "Kirja" VALUES(6,'0',NULL,16);
INSERT INTO "Kirja" VALUES(7,'0',NULL,17);
INSERT INTO "Kirja" VALUES(8,'0',NULL,18);
INSERT INTO "Kirja" VALUES(9,'0',NULL,19);
INSERT INTO "Kirja" VALUES(10,'0',NULL,20);
INSERT INTO "Kirja" VALUES(11,'0',NULL,21);
INSERT INTO "Kirja" VALUES(12,'0',NULL,22);
INSERT INTO "Kirja" VALUES(13,'0',NULL,23);
INSERT INTO "Kirja" VALUES(14,'0',NULL,24);
INSERT INTO "Kirja" VALUES(15,'0',NULL,25);
INSERT INTO "Kirja" VALUES(16,'0',NULL,26);
INSERT INTO "Kirja" VALUES(17,'0',NULL,27);
INSERT INTO "Kirja" VALUES(18,'0',NULL,28);
INSERT INTO "Kirja" VALUES(19,'0',NULL,29);
INSERT INTO "Kirja" VALUES(20,'0',NULL,30);
INSERT INTO "Kirja" VALUES(21,'0',NULL,31);
INSERT INTO "Kirja" VALUES(22,'0',NULL,32);
INSERT INTO "Kirja" VALUES(23,'0',NULL,33);
INSERT INTO "Kirja" VALUES(24,'0',NULL,34);
INSERT INTO "Kirja" VALUES(25,'0',NULL,35);
INSERT INTO "Kirja" VALUES(26,'0',NULL,36);
INSERT INTO "Kirja" VALUES(27,'0',NULL,37);
INSERT INTO "Kirja" VALUES(28,'0',NULL,38);
INSERT INTO "Kirja" VALUES(29,'0',NULL,39);
INSERT INTO "Kirja" VALUES(30,'0',NULL,40);
INSERT INTO "Kirja" VALUES(31,'0',NULL,41);
INSERT INTO "Kirja" VALUES(32,'0',NULL,42);
INSERT INTO "Kirja" VALUES(33,'0',NULL,43);
INSERT INTO "Kirja" VALUES(34,'0',NULL,44);
INSERT INTO "Kirja" VALUES(35,'0',NULL,45);
INSERT INTO "Kirja" VALUES(36,'0',NULL,46);
INSERT INTO "Kirja" VALUES(37,'0',NULL,47);
INSERT INTO "Kirja" VALUES(38,'0',NULL,48);
INSERT INTO "Kirja" VALUES(39,'0',NULL,49);
INSERT INTO "Kirja" VALUES(40,'0',NULL,50);
INSERT INTO "Kirja" VALUES(41,'0',NULL,51);
INSERT INTO "Kirja" VALUES(42,'0',NULL,52);
INSERT INTO "Kirja" VALUES(43,'0',NULL,53);
INSERT INTO "Kirja" VALUES(44,'0',NULL,54);
INSERT INTO "Kirja" VALUES(45,'0',NULL,55);
INSERT INTO "Kirja" VALUES(46,'0',NULL,56);
INSERT INTO "Kirja" VALUES(47,'0',NULL,57);
INSERT INTO "Kirja" VALUES(48,'0',NULL,58);
INSERT INTO "Kirja" VALUES(49,'0',NULL,59);
INSERT INTO "Kirja" VALUES(50,'0',NULL,60);
INSERT INTO "Kirja" VALUES(51,'0',NULL,61);
INSERT INTO "Kirja" VALUES(52,'0',NULL,62);
INSERT INTO "Kirja" VALUES(53,'0',NULL,63);
INSERT INTO "Kirja" VALUES(54,'0',NULL,64);
INSERT INTO "Kirja" VALUES(55,'0',NULL,65);
INSERT INTO "Kirja" VALUES(56,'0',NULL,66);
INSERT INTO "Kirja" VALUES(57,'0',NULL,67);
INSERT INTO "Kirja" VALUES(58,'0',NULL,68);
INSERT INTO "Kirja" VALUES(59,'0',NULL,69);
INSERT INTO "Kirja" VALUES(60,'0',NULL,70);
INSERT INTO "Kirja" VALUES(61,'0',NULL,71);
INSERT INTO "Kirja" VALUES(62,'0',NULL,72);
INSERT INTO "Kirja" VALUES(63,'0',NULL,73);
INSERT INTO "Kirja" VALUES(64,'0',NULL,74);
INSERT INTO "Kirja" VALUES(65,'0',NULL,75);
INSERT INTO "Kirja" VALUES(66,'0',NULL,76);
INSERT INTO "Kirja" VALUES(67,'0',NULL,77);
INSERT INTO "Kirja" VALUES(68,'0',NULL,78);
INSERT INTO "Kirja" VALUES(69,'0',NULL,79);
INSERT INTO "Kirja" VALUES(70,'0',NULL,80);
INSERT INTO "Kirja" VALUES(71,'0',NULL,81);
INSERT INTO "Kirja" VALUES(72,'0',NULL,82);
INSERT INTO "Kirja" VALUES(73,'0',NULL,83);
INSERT INTO "Kirja" VALUES(74,'0',NULL,87);
INSERT INTO "Kirja" VALUES(75,'0',NULL,88);
INSERT INTO "Kirja" VALUES(76,'0',NULL,89);
INSERT INTO "Kirja" VALUES(77,'0','0',92);
INSERT INTO "Kirja" VALUES(78,'0','0',93);
CREATE TABLE Video (video_id integer PRIMARY KEY, url text(500), vinkki UNIQUE, FOREIGN KEY (vinkki) REFERENCES Vinkki (vinkki_id) ON DELETE CASCADE);
INSERT INTO "Video" VALUES(1,'https://www.youtube.com/watch?v=Jr9R9NT9lk8','4');
INSERT INTO "Video" VALUES(2,'Khttps://www.youtube.com/watch?v=yPu6qV5byu4','5');
INSERT INTO "Video" VALUES(3,'https://www.youtube.com/watch?v=N4mEzFDjqtA ',86);
INSERT INTO "Video" VALUES(4,'throw new UnsupportedOperationException("Not supported yet."); //To change body of generated methods, choose Tools |',90);
INSERT INTO "Video" VALUES(5,'https://www.youtube.com/watch?v=s3FozVfd7q4',91);
CREATE TABLE Podcast (podcast_id integer PRIMARY KEY, nimi text(100), kuvaus text (500), vinkki UNIQUE, FOREIGN KEY (vinkki) REFERENCES Vinkki(vinkki_id)ON DELETE CASCADE );
INSERT INTO "Podcast" VALUES(1,'Jingle Bells','Kuvaustekstiä','6');
INSERT INTO "Podcast" VALUES(2,'podcast nimi','Kuvaustekstiä','7');
INSERT INTO "Podcast" VALUES(3,'NIMITÄS - podcastin nimelle ei ole vielä fieldiä','0',10);
INSERT INTO "Podcast" VALUES(4,'NIMITÄS - podcastin nimelle ei ole vielä fieldiä','0',11);
INSERT INTO "Podcast" VALUES(5,'NIMITÄS - podcastin nimelle ei ole vielä fieldiä','0',12);
INSERT INTO "Podcast" VALUES(6,'NIMITÄS - podcastin nimelle ei ole vielä fieldiä','0',13);
INSERT INTO "Podcast" VALUES(7,'666','666',14);
INSERT INTO "Podcast" VALUES(8,'Pikkujoulutuiteri','heh',15);
INSERT INTO "Podcast" VALUES(9,'QPR','tulosta podcastit',84);
INSERT INTO "Podcast" VALUES(10,'Podcast nimi','Kuvasusta tähän',85);
CREATE TABLE Blogpost (blog_id integer primary key, url text(500), kuvaus text(500), vinkki UNIQUE,FOREIGN KEY (vinkki) REFERENCES Vinkki (vinkki_id) ON DELETE CASCADE );
CREATE TABLE Tag (tag_id integer primary key, tag_nimi text);
INSERT INTO "Tag" VALUES(1,'design patterns');
INSERT INTO "Tag" VALUES(2,'ohjelmointi');
CREATE TABLE VinkkiTag (vinkki,tag,FOREIGN KEY (vinkki) REFERENCES Vinkki (vinkki_id) ON DELETE CASCADE, FOREIGN KEY (tag) REFERENCES Tag(tag_id) ON DELETE CASCADE, PRIMARY KEY(vinkki, tag));
COMMIT;
